,x
1,文대통령 한미훈련 축소 시사에  국방부  확정된 것 없다 
2,국방부  하반기 연합지휘소연습에 과거부터 실기동훈련 없어 
3,文대통령 한미훈련 축소 시사에 국방부  확정 안 됐다 
4,이용구 내사종결  다른 이유 있었나  더 커지는  봐주기 의혹 
5,이용구 신분 알았다는 경찰  짙어지는  봐주기 의혹 
6, 택시기사 폭행  이용구 수사 서초서   유력인사 신분  알았다    서울청 수사 부서 보고된 적 없어 
7,원자재 수급 불안  정부  철강 생산 늘리고  시장교란 철퇴 
8,커지는 철근대란 우려에  생산 늘리고 사재기 단속
9,정부  철강 수급 안정에 총력  유통망 점검 공급 확대 추진
10, 예측 불가 초대형 재난 대응 산학연 아이디어 모은다
11,복합 대형위기 예측 대응 논의 본격화    이벤트 총괄위  출범
12,과기정통부  예기치 않은 대형위기 선제 대응     이벤트  논의
13,육군참모차장에 황대일 중장  강건작 靑비서관은 6군단장으로
14,바이든  백신무기고  직후 문대통령  백신파트너십 추진  결심
15,대만 차이잉원  중국이 백신구매 방해  中  사악한 심보 
16, 한미일  북 중 난제 해결 위해 협력 중요  한일 소통 결여는 실수 
17,한은  금리동결  성장률 전망 3 0 →4 0   물가 1 3 →1 8 
18,칼 아이칸 이어 블랙록도 암호화폐 투자 검토
19,국민의힘     여당 땅투기 의혹 고발  경찰  검토 착수 
20,특수본  세종시 특공 수사의뢰 없어  감사원 상황 볼 것 
21,보건소 간호사 극단적 선택  중수본  지원방안 검토하겠다 
22,국민의힘  공수처에 조국 고발   김학의 수사외압 의혹 
23,철강 수급불안에  업체들은 생산 22  늘리고 정부는 사재기 단속
24,文  인생 다시 산다면  나무 연구 나  농사     4  앞두고 특별대담
25,문화일보 포토 에세이
26,제19대 문재인 대통령
27, 코로나19  바이러스
28,우리 주위 의인들
29,                             1 위                              외도 화나  지인들과 동거남 폭행  피해자 의식불명                         
30,                             2 위                             남해고속도로 교통사고 뒤 감쪽같이 사라진 운전자  8년째  미궁                          
31,                             3 위                              영상  김용민  눈 크게 뜬다고 안 똑똑해 보여     조수진  뭐라고    김오수 청문회 파행                         
32,                             4 위                              안보열전  미사일 주권 회복  쾌거  다음 숙제는                          
33,                             5 위                             김용민 도발에  김오수 없이 끝난 김오수 청문회                         
34,                         1 위                         진중권  김남국은 멍청해도 착하지만 김용민은 멍청한데 사악해                      
35,                         2 위                          단독  여중생 살해 후 시신 모욕한 고교생   매일 기도한다  감형 호소                     
36,                         3 위                          인터뷰  당권 도전  나경원  세대교체 바람 잦아들 것  정권교체 우선                      
37,                         4 위                         비빔밥만 비벼졌다  文앞에서 고성까지 오간 靑회동 122분                     
38,                         5 위                          백신 접종 이틀 후 숨졌는데  부작용 조사 대상도 아니라니                      
39,프랑스 브랜드 아미  짝퉁 왜 이렇게 많아
40,내일부터 무순위 청약  줍줍  해당지역 무주택자만 신청
41, 정민이 엄마  식음 전폐하고 입장문 써  친구  티셔츠도 버렸다 
42, 암 가족력  있으면  절대 먹지 말아야 할 음식 8가지
43,獨 연구진     얀센 백신  혈전 부작용 원인 찾았다 
44, 단독  여중생 살해 후 시신 모욕한 고교생   매일 기도한다  감형 호소
45, 다른 여자랑 술을 마셔   남친 의식불명 될 때까지 집단폭행
46,개성 강한 글씨체  칠곡할매글꼴  전국으로 확산
